Properties,Stacking energy,Enthalpy,Entropy,Flexibility_shift,Flexibility_slide,Free energy,Melting Temperature,Mobility to bend towards major groove,Mobility to bend towards minor groove,Probability contacting nucleosome core,Rise stiffness,Roll stiffness,Shift stiffness,Slide stiffness,Tilt stiffness,Twist stiffness
Scaleunit,kcal/mol,kcal/mol,cal/mol/K,kJ mol^-1 A^-2,kJ mol^-1 A^-2,kcal/mol,degree,mu,mu,%,kcal/mol angstroem,kcal/mol degree,kcal/mol angstroem,kcal/mol angstroem,kcal/mol degree,kcal/mol degree
Average value,1.4344827586206896,8.248275862068965,21.889655172413793,7.405517241379311,12.598620689655172,0.9462068965517241,61.76,1.1820689655172414,1.1972413793103447,18.689655172413794,8.20551724137931,7.875862068965518,1.7696551724137928,2.398620689655172,41.51724137931034,30.75862068965517
Average value,2.453333333333333,12.906666666666668,35.28,7.585333333333333,22.96933333333334,1.1413333333333333,95.47466666666666,1.9013333333333335,1.7946666666666669,27.41333333333333,13.827999999999996,8.826666666666664,2.6653333333333324,4.545333333333332,65.06666666666666,47.86666666666667
